<annotation>
	<folder>train</folder>
	<filename>Capture_7.JPG</filename>
	<path>C:\Users\user\Documents\tensorflow\workspace\training_demo\images\train\Capture_7.JPG</path>
	<source>
		<database>Unknown</database>
	</source>
	<size>
		<width>1127</width>
		<height>635</height>
		<depth>3</depth>
	</size>
	<segmented>0</segmented>
	<object>
		<name>Orange</name>
		<pose>Unspecified</pose>
		<truncated>0</truncated>
		<difficult>0</difficult>
		<bndbox>
			<xmin>194</xmin>
			<ymin>44</ymin>
			<xmax>285</xmax>
			<ymax>169</ymax>
		</bndbox>
	</object>
	<object>
		<name>Orange</name>
		<pose>Unspecified</pose>
		<truncated>0</truncated>
		<difficult>0</difficult>
		<bndbox>
			<xmin>374</xmin>
			<ymin>260</ymin>
			<xmax>434</xmax>
			<ymax>359</ymax>
		</bndbox>
	</object>
	<object>
		<name>Orange</name>
		<pose>Unspecified</pose>
		<truncated>0</truncated>
		<difficult>0</difficult>
		<bndbox>
			<xmin>424</xmin>
			<ymin>343</ymin>
			<xmax>499</xmax>
			<ymax>480</ymax>
		</bndbox>
	</object>
	<object>
		<name>Orange</name>
		<pose>Unspecified</pose>
		<truncated>0</truncated>
		<difficult>0</difficult>
		<bndbox>
			<xmin>622</xmin>
			<ymin>358</ymin>
			<xmax>714</xmax>
			<ymax>504</ymax>
		</bndbox>
	</object>
	<object>
		<name>Orange</name>
		<pose>Unspecified</pose>
		<truncated>0</truncated>
		<difficult>0</difficult>
		<bndbox>
			<xmin>874</xmin>
			<ymin>29</ymin>
			<xmax>1019</xmax>
			<ymax>416</ymax>
		</bndbox>
	</object>
	<object>
		<name>Orange</name>
		<pose>Unspecified</pose>
		<truncated>0</truncated>
		<difficult>0</difficult>
		<bndbox>
			<xmin>629</xmin>
			<ymin>208</ymin>
			<xmax>673</xmax>
			<ymax>304</ymax>
		</bndbox>
	</object>
	<object>
		<name>Apple</name>
		<pose>Unspecified</pose>
		<truncated>0</truncated>
		<difficult>0</difficult>
		<bndbox>
			<xmin>366</xmin>
			<ymin>363</ymin>
			<xmax>451</xmax>
			<ymax>423</ymax>
		</bndbox>
	</object>
	<object>
		<name>Apple</name>
		<pose>Unspecified</pose>
		<truncated>1</truncated>
		<difficult>0</difficult>
		<bndbox>
			<xmin>1031</xmin>
			<ymin>218</ymin>
			<xmax>1127</xmax>
			<ymax>362</ymax>
		</bndbox>
	</object>
	<object>
		<name>Apple</name>
		<pose>Unspecified</pose>
		<truncated>0</truncated>
		<difficult>0</difficult>
		<bndbox>
			<xmin>593</xmin>
			<ymin>366</ymin>
			<xmax>638</xmax>
			<ymax>436</ymax>
		</bndbox>
	</object>
</annotation>
