<annotation>
	<folder>train</folder>
	<filename>Capture_9.JPG</filename>
	<path>C:\Users\user\Documents\tensorflow\workspace\training_demo\images\train\Capture_9.JPG</path>
	<source>
		<database>Unknown</database>
	</source>
	<size>
		<width>1128</width>
		<height>633</height>
		<depth>3</depth>
	</size>
	<segmented>0</segmented>
	<object>
		<name>Orange</name>
		<pose>Unspecified</pose>
		<truncated>0</truncated>
		<difficult>0</difficult>
		<bndbox>
			<xmin>2</xmin>
			<ymin>17</ymin>
			<xmax>307</xmax>
			<ymax>312</ymax>
		</bndbox>
	</object>
	<object>
		<name>Orange</name>
		<pose>Unspecified</pose>
		<truncated>0</truncated>
		<difficult>0</difficult>
		<bndbox>
			<xmin>823</xmin>
			<ymin>359</ymin>
			<xmax>912</xmax>
			<ymax>524</ymax>
		</bndbox>
	</object>
	<object>
		<name>Orange</name>
		<pose>Unspecified</pose>
		<truncated>0</truncated>
		<difficult>0</difficult>
		<bndbox>
			<xmin>316</xmin>
			<ymin>170</ymin>
			<xmax>397</xmax>
			<ymax>229</ymax>
		</bndbox>
	</object>
	<object>
		<name>Orange</name>
		<pose>Unspecified</pose>
		<truncated>0</truncated>
		<difficult>0</difficult>
		<bndbox>
			<xmin>172</xmin>
			<ymin>428</ymin>
			<xmax>241</xmax>
			<ymax>506</ymax>
		</bndbox>
	</object>
	<object>
		<name>Apple</name>
		<pose>Unspecified</pose>
		<truncated>0</truncated>
		<difficult>0</difficult>
		<bndbox>
			<xmin>6</xmin>
			<ymin>334</ymin>
			<xmax>127</xmax>
			<ymax>509</ymax>
		</bndbox>
	</object>
	<object>
		<name>Apple</name>
		<pose>Unspecified</pose>
		<truncated>0</truncated>
		<difficult>0</difficult>
		<bndbox>
			<xmin>155</xmin>
			<ymin>380</ymin>
			<xmax>215</xmax>
			<ymax>422</ymax>
		</bndbox>
	</object>
</annotation>
