<annotation>
	<folder>train</folder>
	<filename>Capture_10.JPG</filename>
	<path>C:\Users\user\Documents\tensorflow\workspace\training_demo\images\train\Capture_10.JPG</path>
	<source>
		<database>Unknown</database>
	</source>
	<size>
		<width>1128</width>
		<height>628</height>
		<depth>3</depth>
	</size>
	<segmented>0</segmented>
	<object>
		<name>Orange</name>
		<pose>Unspecified</pose>
		<truncated>0</truncated>
		<difficult>0</difficult>
		<bndbox>
			<xmin>2</xmin>
			<ymin>10</ymin>
			<xmax>62</xmax>
			<ymax>107</ymax>
		</bndbox>
	</object>
	<object>
		<name>Orange</name>
		<pose>Unspecified</pose>
		<truncated>0</truncated>
		<difficult>0</difficult>
		<bndbox>
			<xmin>27</xmin>
			<ymin>250</ymin>
			<xmax>97</xmax>
			<ymax>323</ymax>
		</bndbox>
	</object>
	<object>
		<name>Orange</name>
		<pose>Unspecified</pose>
		<truncated>1</truncated>
		<difficult>0</difficult>
		<bndbox>
			<xmin>910</xmin>
			<ymin>1</ymin>
			<xmax>1037</xmax>
			<ymax>75</ymax>
		</bndbox>
	</object>
</annotation>
