<annotation>
	<folder>train</folder>
	<filename>Capture_3.JPG</filename>
	<path>C:\Users\user\Documents\tensorflow\workspace\training_demo\images\train\Capture_3.JPG</path>
	<source>
		<database>Unknown</database>
	</source>
	<size>
		<width>1125</width>
		<height>634</height>
		<depth>3</depth>
	</size>
	<segmented>0</segmented>
	<object>
		<name>Orange</name>
		<pose>Unspecified</pose>
		<truncated>0</truncated>
		<difficult>0</difficult>
		<bndbox>
			<xmin>863</xmin>
			<ymin>183</ymin>
			<xmax>970</xmax>
			<ymax>268</ymax>
		</bndbox>
	</object>
	<object>
		<name>Orange</name>
		<pose>Unspecified</pose>
		<truncated>0</truncated>
		<difficult>0</difficult>
		<bndbox>
			<xmin>982</xmin>
			<ymin>206</ymin>
			<xmax>1043</xmax>
			<ymax>271</ymax>
		</bndbox>
	</object>
	<object>
		<name>Orange</name>
		<pose>Unspecified</pose>
		<truncated>0</truncated>
		<difficult>0</difficult>
		<bndbox>
			<xmin>717</xmin>
			<ymin>109</ymin>
			<xmax>793</xmax>
			<ymax>187</ymax>
		</bndbox>
	</object>
	<object>
		<name>Orange</name>
		<pose>Unspecified</pose>
		<truncated>0</truncated>
		<difficult>0</difficult>
		<bndbox>
			<xmin>813</xmin>
			<ymin>226</ymin>
			<xmax>879</xmax>
			<ymax>276</ymax>
		</bndbox>
	</object>
	<object>
		<name>Orange</name>
		<pose>Unspecified</pose>
		<truncated>1</truncated>
		<difficult>0</difficult>
		<bndbox>
			<xmin>858</xmin>
			<ymin>480</ymin>
			<xmax>965</xmax>
			<ymax>634</ymax>
		</bndbox>
	</object>
	<object>
		<name>Apple</name>
		<pose>Unspecified</pose>
		<truncated>0</truncated>
		<difficult>0</difficult>
		<bndbox>
			<xmin>828</xmin>
			<ymin>262</ymin>
			<xmax>893</xmax>
			<ymax>342</ymax>
		</bndbox>
	</object>
	<object>
		<name>Apple</name>
		<pose>Unspecified</pose>
		<truncated>0</truncated>
		<difficult>0</difficult>
		<bndbox>
			<xmin>937</xmin>
			<ymin>260</ymin>
			<xmax>1029</xmax>
			<ymax>323</ymax>
		</bndbox>
	</object>
	<object>
		<name>Apple</name>
		<pose>Unspecified</pose>
		<truncated>0</truncated>
		<difficult>0</difficult>
		<bndbox>
			<xmin>1026</xmin>
			<ymin>150</ymin>
			<xmax>1087</xmax>
			<ymax>226</ymax>
		</bndbox>
	</object>
	<object>
		<name>Apple</name>
		<pose>Unspecified</pose>
		<truncated>0</truncated>
		<difficult>0</difficult>
		<bndbox>
			<xmin>826</xmin>
			<ymin>399</ymin>
			<xmax>905</xmax>
			<ymax>473</ymax>
		</bndbox>
	</object>
	<object>
		<name>Apple</name>
		<pose>Unspecified</pose>
		<truncated>0</truncated>
		<difficult>0</difficult>
		<bndbox>
			<xmin>937</xmin>
			<ymin>423</ymin>
			<xmax>1013</xmax>
			<ymax>506</ymax>
		</bndbox>
	</object>
</annotation>
