<annotation>
	<folder>train</folder>
	<filename>Capture_2.JPG</filename>
	<path>C:\Users\user\Documents\tensorflow\workspace\training_demo\images\train\Capture_2.JPG</path>
	<source>
		<database>Unknown</database>
	</source>
	<size>
		<width>1131</width>
		<height>635</height>
		<depth>3</depth>
	</size>
	<segmented>0</segmented>
	<object>
		<name>Apple</name>
		<pose>Unspecified</pose>
		<truncated>0</truncated>
		<difficult>0</difficult>
		<bndbox>
			<xmin>514</xmin>
			<ymin>50</ymin>
			<xmax>665</xmax>
			<ymax>358</ymax>
		</bndbox>
	</object>
	<object>
		<name>Apple</name>
		<pose>Unspecified</pose>
		<truncated>1</truncated>
		<difficult>0</difficult>
		<bndbox>
			<xmin>511</xmin>
			<ymin>489</ymin>
			<xmax>683</xmax>
			<ymax>635</ymax>
		</bndbox>
	</object>
	<object>
		<name>Orange</name>
		<pose>Unspecified</pose>
		<truncated>0</truncated>
		<difficult>0</difficult>
		<bndbox>
			<xmin>195</xmin>
			<ymin>6</ymin>
			<xmax>408</xmax>
			<ymax>626</ymax>
		</bndbox>
	</object>
	<object>
		<name>Orange</name>
		<pose>Unspecified</pose>
		<truncated>0</truncated>
		<difficult>0</difficult>
		<bndbox>
			<xmin>754</xmin>
			<ymin>8</ymin>
			<xmax>914</xmax>
			<ymax>628</ymax>
		</bndbox>
	</object>
	<object>
		<name>Orange</name>
		<pose>Unspecified</pose>
		<truncated>0</truncated>
		<difficult>0</difficult>
		<bndbox>
			<xmin>507</xmin>
			<ymin>342</ymin>
			<xmax>673</xmax>
			<ymax>484</ymax>
		</bndbox>
	</object>
	<object>
		<name>Orange</name>
		<pose>Unspecified</pose>
		<truncated>0</truncated>
		<difficult>0</difficult>
		<bndbox>
			<xmin>411</xmin>
			<ymin>6</ymin>
			<xmax>519</xmax>
			<ymax>131</ymax>
		</bndbox>
	</object>
	<object>
		<name>Orange</name>
		<pose>Unspecified</pose>
		<truncated>0</truncated>
		<difficult>0</difficult>
		<bndbox>
			<xmin>670</xmin>
			<ymin>16</ymin>
			<xmax>805</xmax>
			<ymax>114</ymax>
		</bndbox>
	</object>
</annotation>
