Id,Label,apple,longbean,onion,pineapple,potato
apple_001.jpg,['apple'],1,0,0,0,0
apple_002.jpg,['apple'],1,0,0,0,0
apple_003.jpg,['apple'],1,0,0,0,0
apple_004.jpg,['apple'],1,0,0,0,0
apple_005.jpg,['apple'],1,0,0,0,0
apple_006.jpg,['apple'],1,0,0,0,0
apple_007.jpg,['apple'],1,0,0,0,0
apple_008.jpg,['apple'],1,0,0,0,0
apple_009.jpg,['apple'],1,0,0,0,0
apple_010.jpg,['apple'],1,0,0,0,0
apple_011.jpg,['apple'],1,0,0,0,0
apple_012.jpg,['apple'],1,0,0,0,0
apple_013.jpg,['apple'],1,0,0,0,0
apple_014.jpg,['apple'],1,0,0,0,0
apple_015.jpg,['apple'],1,0,0,0,0
apple_016.jpg,['apple'],1,0,0,0,0
apple_017.jpg,['apple'],1,0,0,0,0
apple_018.jpg,['apple'],1,0,0,0,0
apple_019.jpg,['apple'],1,0,0,0,0
apple_020.jpg,['apple'],1,0,0,0,0
apple_021.jpg,['apple'],1,0,0,0,0
apple_022.jpg,['apple'],1,0,0,0,0
apple_023.jpg,['apple'],1,0,0,0,0
apple_024.jpg,['apple'],1,0,0,0,0
apple_025.jpg,['apple'],1,0,0,0,0
apple_026.jpg,['apple'],1,0,0,0,0
longbean_001.jpg,['longbean'],0,1,0,0,0
longbean_002.jpg,['longbean'],0,1,0,0,0
longbean_003.jpg,['longbean'],0,1,0,0,0
longbean_004.jpg,['longbean'],0,1,0,0,0
longbean_005.jpg,['longbean'],0,1,0,0,0
longbean_006.jpg,['longbean'],0,1,0,0,0
longbean_007.jpg,['longbean'],0,1,0,0,0
longbean_008.jpg,['longbean'],0,1,0,0,0
longbean_009.jpg,['longbean'],0,1,0,0,0
longbean_010.jpg,['longbean'],0,1,0,0,0
longbean_011.jpg,['longbean'],0,1,0,0,0
longbean_012.jpg,['longbean'],0,1,0,0,0
longbean_013.jpg,['longbean'],0,1,0,0,0
longbean_014.jpg,['longbean'],0,1,0,0,0
longbean_015.jpg,['longbean'],0,1,0,0,0
longbean_016.jpg,['longbean'],0,1,0,0,0
longbean_017.jpg,['longbean'],0,1,0,0,0
longbean_018.jpg,['longbean'],0,1,0,0,0
longbean_019.jpg,['longbean'],0,1,0,0,0
longbean_020.jpg,['longbean'],0,1,0,0,0
longbean_021.jpg,['longbean'],0,1,0,0,0
longbean_022.jpg,['longbean'],0,1,0,0,0
longbean_023.jpg,['longbean'],0,1,0,0,0
longbean_024.jpg,['longbean'],0,1,0,0,0
longbean_025.jpg,['longbean'],0,1,0,0,0
longbean_026.jpg,['longbean'],0,1,0,0,0
longbean_027.jpg,['longbean'],0,1,0,0,0
longbean_028.jpg,['longbean'],0,1,0,0,0
longbean_029.jpg,['longbean'],0,1,0,0,0
longbean_030.jpg,['longbean'],0,1,0,0,0
longbean_031.jpg,['longbean'],0,1,0,0,0
longbean_032.jpg,['longbean'],0,1,0,0,0
longbean_033.jpg,['longbean'],0,1,0,0,0
longbean_034.jpg,['longbean'],0,1,0,0,0
longbean_035.jpg,['longbean'],0,1,0,0,0
longbean_036.jpg,['longbean'],0,1,0,0,0
longbean_037.jpg,['longbean'],0,1,0,0,0
longbean_038.jpg,['longbean'],0,1,0,0,0
longbean_039.jpg,['longbean'],0,1,0,0,0
longbean_040.jpg,['longbean'],0,1,0,0,0
longbean_041.jpg,['longbean'],0,1,0,0,0
longbean_042.jpg,['longbean'],0,1,0,0,0
longbean_043.jpg,['longbean'],0,1,0,0,0
longbean_044.jpg,['longbean'],0,1,0,0,0
longbean_045.jpg,['longbean'],0,1,0,0,0
longbean_046.jpg,['longbean'],0,1,0,0,0
longbean_047.jpg,['longbean'],0,1,0,0,0
longbean_048.jpg,['longbean'],0,1,0,0,0
longbean_049.jpg,['longbean'],0,1,0,0,0
longbean_050.jpg,['longbean'],0,1,0,0,0
longbean_051.jpg,['longbean'],0,1,0,0,0
longbean_052.jpg,['longbean'],0,1,0,0,0
longbean_053.jpg,['longbean'],0,1,0,0,0
longbean_054.jpg,['longbean'],0,1,0,0,0
longbean_055.jpg,['longbean'],0,1,0,0,0
longbean_056.jpg,['longbean'],0,1,0,0,0
longbean_057.jpg,['longbean'],0,1,0,0,0
longbean_058.jpg,['longbean'],0,1,0,0,0
longbean_059.jpg,['longbean'],0,1,0,0,0
longbean_060.jpg,['longbean'],0,1,0,0,0
longbean_061.jpg,['longbean'],0,1,0,0,0
longbean_062.jpg,['longbean'],0,1,0,0,0
longbean_063.jpg,['longbean'],0,1,0,0,0
longbean_064.jpg,['longbean'],0,1,0,0,0
longbean_065.jpg,['longbean'],0,1,0,0,0
longbean_066.jpg,['longbean'],0,1,0,0,0
longbean_067.jpg,['longbean'],0,1,0,0,0
longbean_068.jpg,['longbean'],0,1,0,0,0
longbean_069.jpg,['longbean'],0,1,0,0,0
longbean_070.jpg,['longbean'],0,1,0,0,0
longbean_071.jpg,['longbean'],0,1,0,0,0
longbean_072.jpg,['longbean'],0,1,0,0,0
longbean_073.jpg,['longbean'],0,1,0,0,0
longbean_074.jpg,['longbean'],0,1,0,0,0
longbean_075.jpg,['longbean'],0,1,0,0,0
longbean_076.jpg,['longbean'],0,1,0,0,0
longbean_077.jpg,['longbean'],0,1,0,0,0
longbean_078.jpg,['longbean'],0,1,0,0,0
longbean_079.jpg,['longbean'],0,1,0,0,0
longbean_080.jpg,['longbean'],0,1,0,0,0
longbean_081.jpg,['longbean'],0,1,0,0,0
longbean_082.jpg,['longbean'],0,1,0,0,0
longbean_083.jpg,['longbean'],0,1,0,0,0
longbean_084.jpg,['longbean'],0,1,0,0,0
longbean_085.jpg,['longbean'],0,1,0,0,0
longbean_086.jpg,['longbean'],0,1,0,0,0
longbean_087.jpg,['longbean'],0,1,0,0,0
longbean_088.jpg,['longbean'],0,1,0,0,0
longbean_089.jpg,['longbean'],0,1,0,0,0
longbean_090.jpg,['longbean'],0,1,0,0,0
longbean_091.jpg,['longbean'],0,1,0,0,0
longbean_092.jpg,['longbean'],0,1,0,0,0
longbean_093.jpg,['longbean'],0,1,0,0,0
longbean_094.jpg,['longbean'],0,1,0,0,0
longbean_095.jpg,['longbean'],0,1,0,0,0
longbean_096.jpg,['longbean'],0,1,0,0,0
longbean_097.jpg,['longbean'],0,1,0,0,0
longbean_098.jpg,['longbean'],0,1,0,0,0
longbean_099.jpg,['longbean'],0,1,0,0,0
longbean_100.jpg,['longbean'],0,1,0,0,0
longbean_101.jpg,['longbean'],0,1,0,0,0
longbean_102.jpg,['longbean'],0,1,0,0,0
longbean_103.jpg,['longbean'],0,1,0,0,0
longbean_104.jpg,['longbean'],0,1,0,0,0
longbean_105.jpg,['longbean'],0,1,0,0,0
longbean_106.jpg,['longbean'],0,1,0,0,0
longbean_107.jpg,['longbean'],0,1,0,0,0
longbean_108.jpg,['longbean'],0,1,0,0,0
longbean_109.jpg,['longbean'],0,1,0,0,0
longbean_110.jpg,['longbean'],0,1,0,0,0
longbean_111.jpg,['longbean'],0,1,0,0,0
longbean_112.jpg,['longbean'],0,1,0,0,0
longbean_113.jpg,['longbean'],0,1,0,0,0
longbean_114.jpg,['longbean'],0,1,0,0,0
longbean_115.jpg,['longbean'],0,1,0,0,0
onion_001.jpg,['onion'],0,0,1,0,0
onion_002.jpg,['onion'],0,0,1,0,0
onion_003.jpg,['onion'],0,0,1,0,0
onion_004.jpg,['onion'],0,0,1,0,0
onion_005.jpg,['onion'],0,0,1,0,0
onion_006.jpg,['onion'],0,0,1,0,0
onion_007.jpg,['onion'],0,0,1,0,0
onion_008.jpg,['onion'],0,0,1,0,0
onion_009.jpg,['onion'],0,0,1,0,0
onion_010.jpg,['onion'],0,0,1,0,0
onion_011.jpg,['onion'],0,0,1,0,0
onion_012.jpg,['onion'],0,0,1,0,0
onion_013.jpg,['onion'],0,0,1,0,0
onion_014.jpg,['onion'],0,0,1,0,0
onion_015.jpg,['onion'],0,0,1,0,0
onion_016.jpg,['onion'],0,0,1,0,0
onion_017.jpg,['onion'],0,0,1,0,0
onion_018.jpg,['onion'],0,0,1,0,0
onion_019.jpg,['onion'],0,0,1,0,0
onion_020.jpg,['onion'],0,0,1,0,0
onion_021.jpg,['onion'],0,0,1,0,0
onion_022.jpg,['onion'],0,0,1,0,0
onion_023.jpg,['onion'],0,0,1,0,0
onion_024.jpg,['onion'],0,0,1,0,0
onion_025.jpg,['onion'],0,0,1,0,0
onion_026.jpg,['onion'],0,0,1,0,0
onion_027.jpg,['onion'],0,0,1,0,0
onion_028.jpg,['onion'],0,0,1,0,0
onion_029.jpg,['onion'],0,0,1,0,0
onion_030.jpg,['onion'],0,0,1,0,0
onion_031.jpg,['onion'],0,0,1,0,0
onion_032.jpg,['onion'],0,0,1,0,0
onion_033.jpg,['onion'],0,0,1,0,0
onion_034.jpg,['onion'],0,0,1,0,0
onion_035.jpg,['onion'],0,0,1,0,0
onion_036.jpg,['onion'],0,0,1,0,0
onion_037.jpg,['onion'],0,0,1,0,0
onion_038.jpg,['onion'],0,0,1,0,0
onion_039.jpg,['onion'],0,0,1,0,0
onion_040.jpg,['onion'],0,0,1,0,0
onion_041.jpg,['onion'],0,0,1,0,0
onion_042.jpg,['onion'],0,0,1,0,0
onion_043.jpg,['onion'],0,0,1,0,0
onion_044.jpg,['onion'],0,0,1,0,0
onion_045.jpg,['onion'],0,0,1,0,0
onion_046.jpg,['onion'],0,0,1,0,0
onion_047.jpg,['onion'],0,0,1,0,0
onion_048.jpg,['onion'],0,0,1,0,0
onion_049.jpg,['onion'],0,0,1,0,0
onion_050.jpg,['onion'],0,0,1,0,0
onion_051.jpg,['onion'],0,0,1,0,0
onion_052.jpg,['onion'],0,0,1,0,0
onion_053.jpg,['onion'],0,0,1,0,0
onion_054.jpg,['onion'],0,0,1,0,0
onion_055.jpg,['onion'],0,0,1,0,0
onion_056.jpg,['onion'],0,0,1,0,0
onion_057.jpg,['onion'],0,0,1,0,0
onion_058.jpg,['onion'],0,0,1,0,0
onion_059.jpg,['onion'],0,0,1,0,0
onion_060.jpg,['onion'],0,0,1,0,0
onion_061.jpg,['onion'],0,0,1,0,0
onion_062.jpg,['onion'],0,0,1,0,0
onion_063.jpg,['onion'],0,0,1,0,0
onion_064.jpg,['onion'],0,0,1,0,0
onion_065.jpg,['onion'],0,0,1,0,0
onion_066.jpg,['onion'],0,0,1,0,0
onion_067.jpg,['onion'],0,0,1,0,0
onion_068.jpg,['onion'],0,0,1,0,0
pineapple_001.jpg,['pineapple'],0,0,0,1,0
pineapple_002.jpg,['pineapple'],0,0,0,1,0
pineapple_003.jpg,['pineapple'],0,0,0,1,0
pineapple_004.jpg,['pineapple'],0,0,0,1,0
pineapple_005.jpg,['pineapple'],0,0,0,1,0
pineapple_006.jpg,['pineapple'],0,0,0,1,0
pineapple_007.jpg,['pineapple'],0,0,0,1,0
pineapple_008.jpg,['pineapple'],0,0,0,1,0
pineapple_009.jpg,['pineapple'],0,0,0,1,0
pineapple_010.jpg,['pineapple'],0,0,0,1,0
pineapple_011.jpg,['pineapple'],0,0,0,1,0
pineapple_012.jpg,['pineapple'],0,0,0,1,0
pineapple_013.jpg,['pineapple'],0,0,0,1,0
pineapple_014.jpg,['pineapple'],0,0,0,1,0
pineapple_015.jpg,['pineapple'],0,0,0,1,0
pineapple_016.jpg,['pineapple'],0,0,0,1,0
pineapple_017.jpg,['pineapple'],0,0,0,1,0
pineapple_018.jpg,['pineapple'],0,0,0,1,0
pineapple_019.jpg,['pineapple'],0,0,0,1,0
pineapple_020.jpg,['pineapple'],0,0,0,1,0
pineapple_021.jpg,['pineapple'],0,0,0,1,0
pineapple_022.jpg,['pineapple'],0,0,0,1,0
pineapple_023.jpg,['pineapple'],0,0,0,1,0
pineapple_024.jpg,['pineapple'],0,0,0,1,0
pineapple_025.jpg,['pineapple'],0,0,0,1,0
pineapple_026.jpg,['pineapple'],0,0,0,1,0
pineapple_027.jpg,['pineapple'],0,0,0,1,0
pineapple_028.jpg,['pineapple'],0,0,0,1,0
pineapple_029.jpg,['pineapple'],0,0,0,1,0
pineapple_030.jpg,['pineapple'],0,0,0,1,0
pineapple_031.jpg,['pineapple'],0,0,0,1,0
pineapple_032.jpg,['pineapple'],0,0,0,1,0
pineapple_033.jpg,['pineapple'],0,0,0,1,0
pineapple_034.jpg,['pineapple'],0,0,0,1,0
pineapple_035.jpg,['pineapple'],0,0,0,1,0
pineapple_036.jpg,['pineapple'],0,0,0,1,0
pineapple_037.jpg,['pineapple'],0,0,0,1,0
pineapple_038.jpg,['pineapple'],0,0,0,1,0
pineapple_039.jpg,['pineapple'],0,0,0,1,0
pineapple_040.jpg,['pineapple'],0,0,0,1,0
pineapple_041.jpg,['pineapple'],0,0,0,1,0
pineapple_042.jpg,['pineapple'],0,0,0,1,0
pineapple_043.jpg,['pineapple'],0,0,0,1,0
pineapple_044.jpg,['pineapple'],0,0,0,1,0
pineapple_045.jpg,['pineapple'],0,0,0,1,0
pineapple_046.jpg,['pineapple'],0,0,0,1,0
pineapple_047.jpg,['pineapple'],0,0,0,1,0
pineapple_048.jpg,['pineapple'],0,0,0,1,0
pineapple_049.jpg,['pineapple'],0,0,0,1,0
potato_001.jpg,['potato'],0,0,0,0,1
potato_002.jpg,['potato'],0,0,0,0,1
potato_003.jpg,['potato'],0,0,0,0,1
potato_004.jpg,['potato'],0,0,0,0,1
potato_005.jpg,['potato'],0,0,0,0,1
potato_006.jpg,['potato'],0,0,0,0,1
potato_007.jpg,['potato'],0,0,0,0,1
potato_008.jpg,['potato'],0,0,0,0,1
potato_009.jpg,['potato'],0,0,0,0,1
potato_010.jpg,['potato'],0,0,0,0,1
potato_011.jpg,['potato'],0,0,0,0,1
potato_012.jpg,['potato'],0,0,0,0,1
potato_013.jpg,['potato'],0,0,0,0,1
potato_014.jpg,['potato'],0,0,0,0,1
potato_015.jpg,['potato'],0,0,0,0,1
potato_016.jpg,['potato'],0,0,0,0,1
potato_017.jpg,['potato'],0,0,0,0,1
potato_018.jpg,['potato'],0,0,0,0,1
potato_019.jpg,['potato'],0,0,0,0,1
potato_020.jpg,['potato'],0,0,0,0,1
potato_021.jpg,['potato'],0,0,0,0,1
potato_022.jpg,['potato'],0,0,0,0,1
potato_023.jpg,['potato'],0,0,0,0,1
potato_024.jpg,['potato'],0,0,0,0,1
potato_025.jpg,['potato'],0,0,0,0,1
potato_026.jpg,['potato'],0,0,0,0,1
potato_027.jpg,['potato'],0,0,0,0,1
potato_028.jpg,['potato'],0,0,0,0,1
potato_029.jpg,['potato'],0,0,0,0,1
potato_030.jpg,['potato'],0,0,0,0,1
potato_031.jpg,['potato'],0,0,0,0,1
potato_032.jpg,['potato'],0,0,0,0,1
potato_033.jpg,['potato'],0,0,0,0,1
potato_034.jpg,['potato'],0,0,0,0,1
potato_035.jpg,['potato'],0,0,0,0,1
potato_036.jpg,['potato'],0,0,0,0,1
potato_037.jpg,['potato'],0,0,0,0,1
potato_038.jpg,['potato'],0,0,0,0,1
potato_039.jpg,['potato'],0,0,0,0,1
potato_040.jpg,['potato'],0,0,0,0,1
potato_041.jpg,['potato'],0,0,0,0,1
potato_042.jpg,['potato'],0,0,0,0,1
potato_043.jpg,['potato'],0,0,0,0,1